C1,C2,R1,R2,R4,F1,F2,F3,F4,Label
1.0,1.0,1.0,10.0,10.0,1.019,1.067,0.946,0.567,NF
1.0,1.0,1.0,10.0,10.0,0.803,0.912,1.19,1.178,NF
1.0,1.0,1.0,10.0,10.0,1.205,1.174,1.388,1.215,NF
1.0,1.0,1.0,10.0,10.0,0.833,0.876,0.967,1.142,NF
1.0,1.0,1.0,10.0,10.0,0.643,1.126,0.992,0.868,NF
1.0,1.0,1.0,10.0,10.0,1.342,1.026,1.421,1.442,NF
1.0,1.0,1.0,10.0,10.0,0.698,1.457,0.993,0.994,NF
1.0,1.0,1.0,10.0,10.0,1.206,0.579,1.117,0.938,NF
1.0,1.0,1.0,10.0,10.0,1.488,1.312,1.146,0.536,NF
1.0,1.0,1.0,10.0,10.0,1.244,1.059,1.182,1.146,NF
1.5,1.0,1.0,10.0,10.0,1.347,0.546,0.769,0.651,C1тЖС
1.5,1.0,1.0,10.0,10.0,0.863,0.889,1.02,0.788,C1тЖС
1.5,1.0,1.0,10.0,10.0,0.93,0.652,1.081,1.111,C1тЖС
1.5,1.0,1.0,10.0,10.0,1.356,1.297,0.998,1.491,C1тЖС
1.5,1.0,1.0,10.0,10.0,1.277,1.306,0.566,1.443,C1тЖС
1.5,1.0,1.0,10.0,10.0,0.975,1.287,1.123,1.324,C1тЖС
1.5,1.0,1.0,10.0,10.0,1.243,0.922,1.251,0.781,C1тЖС
1.5,1.0,1.0,10.0,10.0,0.718,0.76,0.7,0.612,C1тЖС
1.5,1.0,1.0,10.0,10.0,0.579,1.436,0.649,0.827,C1тЖС
1.5,1.0,1.0,10.0,10.0,0.959,1.483,1.317,1.291,C1тЖС
0.5,1.0,1.0,10.0,10.0,1.387,0.898,0.951,0.935,C1тЖУ
0.5,1.0,1.0,10.0,10.0,1.499,0.521,1.19,0.974,C1тЖУ
0.5,1.0,1.0,10.0,10.0,0.538,1.221,1.496,0.959,C1тЖУ
0.5,1.0,1.0,10.0,10.0,1.104,1.321,0.751,1.128,C1тЖУ
0.5,1.0,1.0,10.0,10.0,1.095,0.96,0.757,0.717,C1тЖУ
0.5,1.0,1.0,10.0,10.0,1.136,0.709,1.236,0.935,C1тЖУ
0.5,1.0,1.0,10.0,10.0,1.303,0.654,1.114,0.857,C1тЖУ
0.5,1.0,1.0,10.0,10.0,1.355,1.138,0.802,1.201,C1тЖУ
0.5,1.0,1.0,10.0,10.0,0.739,0.892,1.358,0.796,C1тЖУ
0.5,1.0,1.0,10.0,10.0,1.37,1.19,1.493,0.769,C1тЖУ
1.0,1.5,1.0,10.0,10.0,1.061,0.897,0.933,1.323,C2тЖС
1.0,1.5,1.0,10.0,10.0,1.106,0.956,1.459,1.292,C2тЖС
1.0,1.5,1.0,10.0,10.0,0.577,1.393,0.698,0.664,C2тЖС
1.0,1.5,1.0,10.0,10.0,1.279,1.491,1.241,0.961,C2тЖС
1.0,1.5,1.0,10.0,10.0,0.771,1.129,1.465,0.673,C2тЖС
1.0,1.5,1.0,10.0,10.0,1.242,0.544,1.015,0.982,C2тЖС
1.0,1.5,1.0,10.0,10.0,1.464,0.969,0.537,1.424,C2тЖС
1.0,1.5,1.0,10.0,10.0,1.249,0.55,0.933,0.735,C2тЖС
1.0,1.5,1.0,10.0,10.0,0.664,1.469,0.599,1.489,C2тЖС
1.0,1.5,1.0,10.0,10.0,1.137,0.839,1.21,1.441,C2тЖС
1.0,0.5,1.0,10.0,10.0,1.423,0.735,0.748,0.574,C2тЖУ
1.0,0.5,1.0,10.0,10.0,0.949,0.899,1.016,0.83,C2тЖУ
1.0,0.5,1.0,10.0,10.0,0.983,1.205,1.262,0.957,C2тЖУ
1.0,0.5,1.0,10.0,10.0,0.792,1.037,0.567,1.193,C2тЖУ
1.0,0.5,1.0,10.0,10.0,1.391,1.462,0.532,1.485,C2тЖУ
1.0,0.5,1.0,10.0,10.0,0.681,1.358,0.989,1.187,C2тЖУ
1.0,0.5,1.0,10.0,10.0,0.815,1.265,1.398,0.533,C2тЖУ
1.0,0.5,1.0,10.0,10.0,0.879,1.397,1.103,1.43,C2тЖУ
1.0,0.5,1.0,10.0,10.0,0.725,0.71,1.047,1.215,C2тЖУ
1.0,0.5,1.0,10.0,10.0,1.409,0.754,0.828,1.255,C2тЖУ
1.0,1.0,1.5,10.0,10.0,1.345,1.202,1.156,0.941,R1тЖС
1.0,1.0,1.5,10.0,10.0,1.146,0.919,1.427,0.882,R1тЖС
1.0,1.0,1.5,10.0,10.0,1.139,1.142,0.571,1.148,R1тЖС
1.0,1.0,1.5,10.0,10.0,1.276,1.406,0.635,1.065,R1тЖС
1.0,1.0,1.5,10.0,10.0,0.944,1.386,1.35,0.572,R1тЖС
1.0,1.0,1.5,10.0,10.0,1.375,1.195,1.331,1.484,R1тЖС
1.0,1.0,1.5,10.0,10.0,1.451,1.493,0.534,0.597,R1тЖС
1.0,1.0,1.5,10.0,10.0,1.065,1.168,0.775,0.651,R1тЖС
1.0,1.0,1.5,10.0,10.0,0.87,0.952,0.507,0.942,R1тЖС
1.0,1.0,1.5,10.0,10.0,1.314,0.598,1.481,1.451,R1тЖС
1.0,1.0,0.5,10.0,10.0,0.545,1.091,0.99,0.84,R1тЖУ
1.0,1.0,0.5,10.0,10.0,0.722,1.425,1.202,1.476,R1тЖУ
1.0,1.0,0.5,10.0,10.0,1.331,0.956,1.129,1.342,R1тЖУ
1.0,1.0,0.5,10.0,10.0,0.93,0.979,0.536,0.699,R1тЖУ
1.0,1.0,0.5,10.0,10.0,0.534,1.176,0.971,1.11,R1тЖУ
1.0,1.0,0.5,10.0,10.0,1.16,1.374,0.697,1.151,R1тЖУ
1.0,1.0,0.5,10.0,10.0,1.218,1.08,1.499,0.788,R1тЖУ
1.0,1.0,0.5,10.0,10.0,0.883,0.519,0.681,0.755,R1тЖУ
1.0,1.0,0.5,10.0,10.0,0.942,0.605,1.272,1.347,R1тЖУ
1.0,1.0,0.5,10.0,10.0,0.802,1.444,0.532,1.433,R1тЖУ
1.0,1.0,1.0,15.0,10.0,0.577,0.792,1.33,1.164,R2тЖС
1.0,1.0,1.0,15.0,10.0,0.762,1.014,1.302,1.147,R2тЖС
1.0,1.0,1.0,15.0,10.0,1.435,0.977,0.961,1.226,R2тЖС
1.0,1.0,1.0,15.0,10.0,1.241,1.136,0.606,1.355,R2тЖС
1.0,1.0,1.0,15.0,10.0,1.044,1.392,0.985,1.008,R2тЖС
1.0,1.0,1.0,15.0,10.0,1.301,1.394,1.017,1.442,R2тЖС
1.0,1.0,1.0,15.0,10.0,1.349,1.464,1.012,0.791,R2тЖС
1.0,1.0,1.0,15.0,10.0,1.137,1.12,1.097,1.419,R2тЖС
1.0,1.0,1.0,15.0,10.0,1.213,1.462,1.295,0.982,R2тЖС
1.0,1.0,1.0,15.0,10.0,0.713,0.597,1.278,1.156,R2тЖС
1.0,1.0,1.0,5.0,10.0,0.698,1.358,0.789,1.066,R2тЖУ
1.0,1.0,1.0,5.0,10.0,1.398,0.928,1.412,1.479,R2тЖУ
1.0,1.0,1.0,5.0,10.0,1.188,1.417,1.261,1.096,R2тЖУ
1.0,1.0,1.0,5.0,10.0,1.442,1.125,1.29,0.815,R2тЖУ
1.0,1.0,1.0,5.0,10.0,1.089,1.106,0.836,0.703,R2тЖУ
1.0,1.0,1.0,5.0,10.0,0.712,1.278,1.078,0.857,R2тЖУ
1.0,1.0,1.0,5.0,10.0,0.54,0.927,1.256,0.583,R2тЖУ
1.0,1.0,1.0,5.0,10.0,0.55,1.475,1.036,0.617,R2тЖУ
1.0,1.0,1.0,5.0,10.0,0.644,1.299,1.365,0.696,R2тЖУ
1.0,1.0,1.0,5.0,10.0,1.303,1.308,1.3,0.773,R2тЖУ
1.0,1.0,1.0,10.0,15.0,1.134,0.868,0.829,1.36,R4тЖС
1.0,1.0,1.0,10.0,15.0,0.802,0.681,0.768,0.926,R4тЖС
1.0,1.0,1.0,10.0,15.0,0.734,1.284,0.794,1.126,R4тЖС
1.0,1.0,1.0,10.0,15.0,1.403,0.568,1.482,0.636,R4тЖС
1.0,1.0,1.0,10.0,15.0,1.052,0.535,0.809,0.767,R4тЖС
1.0,1.0,1.0,10.0,15.0,0.717,0.962,1.014,0.779,R4тЖС
1.0,1.0,1.0,10.0,15.0,1.026,0.586,0.594,1.452,R4тЖС
1.0,1.0,1.0,10.0,15.0,0.619,0.947,1.34,0.726,R4тЖС
1.0,1.0,1.0,10.0,15.0,1.148,0.652,1.277,1.489,R4тЖС
1.0,1.0,1.0,10.0,15.0,0.771,0.567,1.022,1.086,R4тЖС
1.0,1.0,1.0,10.0,5.0,1.063,0.913,1.168,1.017,R4тЖУ
1.0,1.0,1.0,10.0,5.0,0.653,0.593,1.101,1.042,R4тЖУ
1.0,1.0,1.0,10.0,5.0,0.725,1.359,1.468,0.706,R4тЖУ
1.0,1.0,1.0,10.0,5.0,0.795,1.262,1.321,1.245,R4тЖУ
1.0,1.0,1.0,10.0,5.0,1.055,0.814,1.276,0.505,R4тЖУ
1.0,1.0,1.0,10.0,5.0,0.796,0.6,1.028,0.694,R4тЖУ
1.0,1.0,1.0,10.0,5.0,0.851,0.554,1.211,1.243,R4тЖУ
1.0,1.0,1.0,10.0,5.0,0.636,1.015,1.435,0.61,R4тЖУ
1.0,1.0,1.0,10.0,5.0,0.797,0.911,1.128,1.464,R4тЖУ
1.0,1.0,1.0,10.0,5.0,1.093,0.851,1.409,0.84,R4тЖУ
1.5,1.5,1.0,10.0,10.0,1.469,0.967,1.173,0.743,C1тЖС_C2тЖС
1.5,1.5,1.0,10.0,10.0,0.778,1.247,0.539,0.758,C1тЖС_C2тЖС
1.5,1.5,1.0,10.0,10.0,0.564,1.123,0.987,1.127,C1тЖС_C2тЖС
1.5,1.5,1.0,10.0,10.0,0.965,0.599,1.412,0.593,C1тЖС_C2тЖС
1.5,1.5,1.0,10.0,10.0,1.373,0.821,0.641,1.242,C1тЖС_C2тЖС
1.5,1.5,1.0,10.0,10.0,1.271,0.701,1.165,1.308,C1тЖС_C2тЖС
1.5,1.5,1.0,10.0,10.0,1.195,1.331,1.485,0.92,C1тЖС_C2тЖС
1.5,1.5,1.0,10.0,10.0,0.791,0.537,0.994,0.671,C1тЖС_C2тЖС
1.5,1.5,1.0,10.0,10.0,1.379,0.978,0.944,1.159,C1тЖС_C2тЖС
1.5,1.5,1.0,10.0,10.0,1.19,1.372,1.215,1.306,C1тЖС_C2тЖС
0.5,0.5,1.0,10.0,10.0,0.693,1.248,1.403,1.137,C1тЖУ_C2тЖУ
0.5,0.5,1.0,10.0,10.0,0.776,0.735,0.962,0.68,C1тЖУ_C2тЖУ
0.5,0.5,1.0,10.0,10.0,1.251,0.88,1.297,1.122,C1тЖУ_C2тЖУ
0.5,0.5,1.0,10.0,10.0,1.008,0.831,1.397,1.098,C1тЖУ_C2тЖУ
0.5,0.5,1.0,10.0,10.0,1.17,1.492,1.365,0.712,C1тЖУ_C2тЖУ
0.5,0.5,1.0,10.0,10.0,1.083,0.632,0.893,0.777,C1тЖУ_C2тЖУ
0.5,0.5,1.0,10.0,10.0,1.472,1.477,1.491,1.342,C1тЖУ_C2тЖУ
0.5,0.5,1.0,10.0,10.0,0.627,1.197,1.31,0.772,C1тЖУ_C2тЖУ
0.5,0.5,1.0,10.0,10.0,0.902,1.334,0.753,0.779,C1тЖУ_C2тЖУ
0.5,0.5,1.0,10.0,10.0,0.666,1.025,1.206,0.533,C1тЖУ_C2тЖУ
1.5,0.5,1.0,10.0,10.0,1.482,1.39,1.397,0.771,C1тЖС_C2тЖУ
1.5,0.5,1.0,10.0,10.0,1.323,0.867,1.159,1.16,C1тЖС_C2тЖУ
1.5,0.5,1.0,10.0,10.0,1.146,1.252,0.726,0.58,C1тЖС_C2тЖУ
1.5,0.5,1.0,10.0,10.0,0.898,1.139,1.457,0.786,C1тЖС_C2тЖУ
1.5,0.5,1.0,10.0,10.0,0.568,0.707,1.096,1.292,C1тЖС_C2тЖУ
1.5,0.5,1.0,10.0,10.0,0.793,1.248,1.355,0.519,C1тЖС_C2тЖУ
1.5,0.5,1.0,10.0,10.0,1.474,1.104,1.164,0.658,C1тЖС_C2тЖУ
1.5,0.5,1.0,10.0,10.0,0.62,0.582,1.064,0.998,C1тЖС_C2тЖУ
1.5,0.5,1.0,10.0,10.0,1.475,1.101,0.551,0.5,C1тЖС_C2тЖУ
1.5,0.5,1.0,10.0,10.0,0.822,1.468,0.887,0.874,C1тЖС_C2тЖУ
0.5,1.5,1.0,10.0,10.0,0.854,1.407,1.432,0.766,C1тЖУ_C2тЖС
0.5,1.5,1.0,10.0,10.0,0.909,0.961,1.309,0.695,C1тЖУ_C2тЖС
0.5,1.5,1.0,10.0,10.0,0.833,0.537,1.315,0.601,C1тЖУ_C2тЖС
0.5,1.5,1.0,10.0,10.0,1.085,0.849,0.928,0.741,C1тЖУ_C2тЖС
0.5,1.5,1.0,10.0,10.0,0.72,0.807,0.819,1.08,C1тЖУ_C2тЖС
0.5,1.5,1.0,10.0,10.0,1.489,1.196,1.132,0.979,C1тЖУ_C2тЖС
0.5,1.5,1.0,10.0,10.0,1.445,1.435,0.922,0.842,C1тЖУ_C2тЖС
0.5,1.5,1.0,10.0,10.0,1.253,1.427,1.16,1.144,C1тЖУ_C2тЖС
0.5,1.5,1.0,10.0,10.0,1.408,0.754,1.156,0.876,C1тЖУ_C2тЖС
0.5,1.5,1.0,10.0,10.0,1.412,0.979,1.08,1.466,C1тЖУ_C2тЖС
1.5,1.0,1.5,10.0,10.0,0.901,1.225,0.843,0.836,C1тЖС_R1тЖС
1.5,1.0,1.5,10.0,10.0,1.186,1.356,1.145,1.229,C1тЖС_R1тЖС
1.5,1.0,1.5,10.0,10.0,1.069,1.115,1.196,0.61,C1тЖС_R1тЖС
1.5,1.0,1.5,10.0,10.0,1.305,1.143,1.148,0.837,C1тЖС_R1тЖС
1.5,1.0,1.5,10.0,10.0,1.048,0.548,0.664,0.942,C1тЖС_R1тЖС
1.5,1.0,1.5,10.0,10.0,0.576,0.977,0.853,1.246,C1тЖС_R1тЖС
1.5,1.0,1.5,10.0,10.0,1.414,0.868,0.557,1.085,C1тЖС_R1тЖС
1.5,1.0,1.5,10.0,10.0,1.398,1.303,0.929,1.011,C1тЖС_R1тЖС
1.5,1.0,1.5,10.0,10.0,1.059,1.468,1.051,1.193,C1тЖС_R1тЖС
1.5,1.0,1.5,10.0,10.0,1.396,0.559,1.127,0.848,C1тЖС_R1тЖС
0.5,1.0,0.5,10.0,10.0,0.702,0.878,1.142,1.262,C1тЖУ_R1тЖУ
0.5,1.0,0.5,10.0,10.0,1.341,1.331,1.279,1.15,C1тЖУ_R1тЖУ
0.5,1.0,0.5,10.0,10.0,1.38,1.366,0.915,1.097,C1тЖУ_R1тЖУ
0.5,1.0,0.5,10.0,10.0,1.26,0.519,0.55,1.38,C1тЖУ_R1тЖУ
0.5,1.0,0.5,10.0,10.0,0.927,1.042,0.5,0.903,C1тЖУ_R1тЖУ
0.5,1.0,0.5,10.0,10.0,0.671,0.833,0.844,1.059,C1тЖУ_R1тЖУ
0.5,1.0,0.5,10.0,10.0,0.872,1.402,1.027,0.822,C1тЖУ_R1тЖУ
0.5,1.0,0.5,10.0,10.0,0.772,1.362,0.554,0.636,C1тЖУ_R1тЖУ
0.5,1.0,0.5,10.0,10.0,0.578,0.835,0.802,1.429,C1тЖУ_R1тЖУ
0.5,1.0,0.5,10.0,10.0,0.609,0.917,0.94,1.323,C1тЖУ_R1тЖУ
1.5,1.0,0.5,10.0,10.0,0.645,1.332,1.351,1.422,C1тЖС_R1тЖУ
1.5,1.0,0.5,10.0,10.0,1.337,1.378,0.655,0.807,C1тЖС_R1тЖУ
1.5,1.0,0.5,10.0,10.0,0.782,1.081,0.74,0.756,C1тЖС_R1тЖУ
1.5,1.0,0.5,10.0,10.0,1.378,1.026,1.476,0.956,C1тЖС_R1тЖУ
1.5,1.0,0.5,10.0,10.0,1.469,0.804,0.945,1.079,C1тЖС_R1тЖУ
1.5,1.0,0.5,10.0,10.0,1.427,0.818,0.785,0.631,C1тЖС_R1тЖУ
1.5,1.0,0.5,10.0,10.0,0.836,1.027,0.888,0.983,C1тЖС_R1тЖУ
1.5,1.0,0.5,10.0,10.0,0.677,1.386,0.62,1.26,C1тЖС_R1тЖУ
1.5,1.0,0.5,10.0,10.0,0.878,0.932,0.509,1.359,C1тЖС_R1тЖУ
1.5,1.0,0.5,10.0,10.0,0.775,1.12,1.477,0.811,C1тЖС_R1тЖУ
0.5,1.0,1.5,10.0,10.0,0.783,0.91,1.308,0.694,C1тЖУ_R1тЖС
0.5,1.0,1.5,10.0,10.0,1.191,0.721,0.814,0.513,C1тЖУ_R1тЖС
0.5,1.0,1.5,10.0,10.0,1.058,1.376,1.232,0.82,C1тЖУ_R1тЖС
0.5,1.0,1.5,10.0,10.0,1.372,1.291,0.873,1.494,C1тЖУ_R1тЖС
0.5,1.0,1.5,10.0,10.0,0.836,0.637,0.631,0.851,C1тЖУ_R1тЖС
0.5,1.0,1.5,10.0,10.0,1.128,1.121,0.86,1.386,C1тЖУ_R1тЖС
0.5,1.0,1.5,10.0,10.0,0.975,0.879,0.776,1.141,C1тЖУ_R1тЖС
0.5,1.0,1.5,10.0,10.0,1.07,1.169,0.582,0.74,C1тЖУ_R1тЖС
0.5,1.0,1.5,10.0,10.0,0.872,1.214,0.893,0.704,C1тЖУ_R1тЖС
0.5,1.0,1.5,10.0,10.0,1.075,1.364,1.314,1.229,C1тЖУ_R1тЖС
1.5,1.0,1.0,15.0,10.0,0.912,1.46,1.415,0.666,C1тЖС_R2тЖС
1.5,1.0,1.0,15.0,10.0,0.677,0.718,0.959,1.393,C1тЖС_R2тЖС
1.5,1.0,1.0,15.0,10.0,0.767,1.217,0.779,1.121,C1тЖС_R2тЖС
1.5,1.0,1.0,15.0,10.0,1.225,0.859,0.845,0.716,C1тЖС_R2тЖС
1.5,1.0,1.0,15.0,10.0,1.1,1.367,1.147,1.428,C1тЖС_R2тЖС
1.5,1.0,1.0,15.0,10.0,1.365,1.014,1.178,0.914,C1тЖС_R2тЖС
1.5,1.0,1.0,15.0,10.0,0.65,0.827,1.118,1.115,C1тЖС_R2тЖС
1.5,1.0,1.0,15.0,10.0,1.265,1.494,0.731,1.415,C1тЖС_R2тЖС
1.5,1.0,1.0,15.0,10.0,0.708,0.774,1.345,1.193,C1тЖС_R2тЖС
1.5,1.0,1.0,15.0,10.0,1.332,1.01,1.466,0.703,C1тЖС_R2тЖС
0.5,1.0,1.0,5.0,10.0,0.982,1.397,0.638,1.429,C1тЖУ_R2тЖУ
0.5,1.0,1.0,5.0,10.0,0.637,0.659,1.054,0.736,C1тЖУ_R2тЖУ
0.5,1.0,1.0,5.0,10.0,1.444,0.696,1.194,1.384,C1тЖУ_R2тЖУ
0.5,1.0,1.0,5.0,10.0,0.7,1.258,0.703,1.329,C1тЖУ_R2тЖУ
0.5,1.0,1.0,5.0,10.0,1.455,0.667,0.702,0.992,C1тЖУ_R2тЖУ
0.5,1.0,1.0,5.0,10.0,0.999,1.389,1.028,0.945,C1тЖУ_R2тЖУ
0.5,1.0,1.0,5.0,10.0,0.982,1.173,0.972,0.511,C1тЖУ_R2тЖУ
0.5,1.0,1.0,5.0,10.0,0.879,1.323,1.438,1.082,C1тЖУ_R2тЖУ
0.5,1.0,1.0,5.0,10.0,0.941,1.45,0.997,1.342,C1тЖУ_R2тЖУ
0.5,1.0,1.0,5.0,10.0,1.23,1.216,0.901,1.317,C1тЖУ_R2тЖУ
1.5,1.0,1.0,5.0,10.0,0.674,0.735,0.789,0.646,C1тЖС_R2тЖУ
1.5,1.0,1.0,5.0,10.0,0.904,1.133,1.478,0.711,C1тЖС_R2тЖУ
1.5,1.0,1.0,5.0,10.0,0.689,1.456,0.687,1.292,C1тЖС_R2тЖУ
1.5,1.0,1.0,5.0,10.0,1.448,0.604,0.759,0.557,C1тЖС_R2тЖУ
1.5,1.0,1.0,5.0,10.0,0.78,0.85,1.123,1.008,C1тЖС_R2тЖУ
1.5,1.0,1.0,5.0,10.0,0.905,1.257,0.631,1.354,C1тЖС_R2тЖУ
1.5,1.0,1.0,5.0,10.0,0.853,0.87,1.404,1.159,C1тЖС_R2тЖУ
1.5,1.0,1.0,5.0,10.0,0.526,0.739,0.784,1.149,C1тЖС_R2тЖУ
1.5,1.0,1.0,5.0,10.0,0.764,0.765,0.509,0.904,C1тЖС_R2тЖУ
1.5,1.0,1.0,5.0,10.0,0.627,0.595,0.626,1.201,C1тЖС_R2тЖУ
0.5,1.0,1.0,15.0,10.0,0.755,0.68,1.238,0.538,C1тЖУ_R2тЖС
0.5,1.0,1.0,15.0,10.0,0.945,1.084,1.06,0.905,C1тЖУ_R2тЖС
0.5,1.0,1.0,15.0,10.0,0.565,0.583,0.958,1.178,C1тЖУ_R2тЖС
0.5,1.0,1.0,15.0,10.0,0.862,0.581,1.312,0.667,C1тЖУ_R2тЖС
0.5,1.0,1.0,15.0,10.0,0.961,0.767,1.469,0.587,C1тЖУ_R2тЖС
0.5,1.0,1.0,15.0,10.0,1.098,0.813,1.236,0.896,C1тЖУ_R2тЖС
0.5,1.0,1.0,15.0,10.0,1.361,0.612,0.74,0.879,C1тЖУ_R2тЖС
0.5,1.0,1.0,15.0,10.0,0.833,1.03,1.007,1.295,C1тЖУ_R2тЖС
0.5,1.0,1.0,15.0,10.0,1.175,1.154,1.319,1.208,C1тЖУ_R2тЖС
0.5,1.0,1.0,15.0,10.0,1.223,1.003,0.812,1.351,C1тЖУ_R2тЖС
1.5,1.0,1.0,10.0,15.0,0.697,1.425,1.254,1.437,C1тЖС_R4тЖС
1.5,1.0,1.0,10.0,15.0,1.143,1.147,0.813,1.181,C1тЖС_R4тЖС
1.5,1.0,1.0,10.0,15.0,0.82,1.222,1.255,1.475,C1тЖС_R4тЖС
1.5,1.0,1.0,10.0,15.0,0.729,0.912,0.786,1.049,C1тЖС_R4тЖС
1.5,1.0,1.0,10.0,15.0,0.615,0.922,0.96,0.622,C1тЖС_R4тЖС
1.5,1.0,1.0,10.0,15.0,1.26,0.566,0.734,1.047,C1тЖС_R4тЖС
1.5,1.0,1.0,10.0,15.0,0.701,0.687,1.094,0.551,C1тЖС_R4тЖС
1.5,1.0,1.0,10.0,15.0,1.438,0.824,1.186,0.508,C1тЖС_R4тЖС
1.5,1.0,1.0,10.0,15.0,1.355,1.167,1.15,1.388,C1тЖС_R4тЖС
1.5,1.0,1.0,10.0,15.0,1.228,0.682,0.96,0.944,C1тЖС_R4тЖС
0.5,1.0,1.0,10.0,5.0,1.214,1.265,0.921,0.963,C1тЖУ_R4тЖУ
0.5,1.0,1.0,10.0,5.0,0.779,0.647,1.071,1.261,C1тЖУ_R4тЖУ
0.5,1.0,1.0,10.0,5.0,1.337,0.703,0.77,0.804,C1тЖУ_R4тЖУ
0.5,1.0,1.0,10.0,5.0,0.831,0.719,1.408,0.555,C1тЖУ_R4тЖУ
0.5,1.0,1.0,10.0,5.0,1.312,1.24,1.108,0.821,C1тЖУ_R4тЖУ
0.5,1.0,1.0,10.0,5.0,0.577,1.346,1.28,1.071,C1тЖУ_R4тЖУ
0.5,1.0,1.0,10.0,5.0,0.753,1.011,1.226,0.956,C1тЖУ_R4тЖУ
0.5,1.0,1.0,10.0,5.0,1.295,1.332,0.989,1.281,C1тЖУ_R4тЖУ
0.5,1.0,1.0,10.0,5.0,0.768,1.482,1.36,1.368,C1тЖУ_R4тЖУ
0.5,1.0,1.0,10.0,5.0,1.138,0.546,1.107,1.436,C1тЖУ_R4тЖУ
1.5,1.0,1.0,10.0,5.0,0.526,0.989,1.253,1.397,C1тЖС_R4тЖУ
1.5,1.0,1.0,10.0,5.0,1.172,0.555,0.586,1.238,C1тЖС_R4тЖУ
1.5,1.0,1.0,10.0,5.0,1.156,1.357,1.029,1.286,C1тЖС_R4тЖУ
1.5,1.0,1.0,10.0,5.0,0.709,0.704,0.685,1.231,C1тЖС_R4тЖУ
1.5,1.0,1.0,10.0,5.0,0.865,1.284,0.553,0.538,C1тЖС_R4тЖУ
1.5,1.0,1.0,10.0,5.0,1.054,1.054,0.809,0.586,C1тЖС_R4тЖУ
1.5,1.0,1.0,10.0,5.0,1.469,0.5,1.01,0.604,C1тЖС_R4тЖУ
1.5,1.0,1.0,10.0,5.0,0.857,1.323,1.204,1.301,C1тЖС_R4тЖУ
1.5,1.0,1.0,10.0,5.0,0.589,1.258,0.886,1.229,C1тЖС_R4тЖУ
1.5,1.0,1.0,10.0,5.0,1.322,0.868,0.541,0.767,C1тЖС_R4тЖУ
0.5,1.0,1.0,10.0,15.0,1.176,1.381,0.658,0.994,C1тЖУ_R4тЖС
0.5,1.0,1.0,10.0,15.0,0.908,0.681,0.59,0.932,C1тЖУ_R4тЖС
0.5,1.0,1.0,10.0,15.0,0.672,1.284,0.708,1.5,C1тЖУ_R4тЖС
0.5,1.0,1.0,10.0,15.0,0.905,0.567,0.798,1.396,C1тЖУ_R4тЖС
0.5,1.0,1.0,10.0,15.0,1.018,0.517,1.475,0.743,C1тЖУ_R4тЖС
0.5,1.0,1.0,10.0,15.0,0.562,1.11,1.142,0.679,C1тЖУ_R4тЖС
0.5,1.0,1.0,10.0,15.0,0.884,1.11,1.285,1.062,C1тЖУ_R4тЖС
0.5,1.0,1.0,10.0,15.0,0.796,1.445,0.993,1.1,C1тЖУ_R4тЖС
0.5,1.0,1.0,10.0,15.0,0.956,1.162,0.995,0.822,C1тЖУ_R4тЖС
0.5,1.0,1.0,10.0,15.0,0.872,0.85,1.381,1.122,C1тЖУ_R4тЖС
1.0,1.5,1.5,10.0,10.0,1.134,0.565,1.001,0.637,C2тЖС_R1тЖС
1.0,1.5,1.5,10.0,10.0,0.83,0.503,1.256,1.412,C2тЖС_R1тЖС
1.0,1.5,1.5,10.0,10.0,0.753,0.724,0.79,0.722,C2тЖС_R1тЖС
1.0,1.5,1.5,10.0,10.0,1.134,0.881,0.946,0.929,C2тЖС_R1тЖС
1.0,1.5,1.5,10.0,10.0,1.209,0.998,1.419,1.484,C2тЖС_R1тЖС
1.0,1.5,1.5,10.0,10.0,1.101,1.157,1.277,1.079,C2тЖС_R1тЖС
1.0,1.5,1.5,10.0,10.0,0.94,1.424,1.496,0.612,C2тЖС_R1тЖС
1.0,1.5,1.5,10.0,10.0,1.299,0.817,0.953,0.613,C2тЖС_R1тЖС
1.0,1.5,1.5,10.0,10.0,0.62,1.333,0.663,1.305,C2тЖС_R1тЖС
1.0,1.5,1.5,10.0,10.0,1.095,0.964,0.715,1.474,C2тЖС_R1тЖС
1.0,0.5,0.5,10.0,10.0,0.515,0.782,1.035,0.609,C2тЖУ_R1тЖУ
1.0,0.5,0.5,10.0,10.0,1.082,0.978,0.685,1.316,C2тЖУ_R1тЖУ
1.0,0.5,0.5,10.0,10.0,1.322,0.568,1.214,1.257,C2тЖУ_R1тЖУ
1.0,0.5,0.5,10.0,10.0,1.0,0.947,1.028,1.189,C2тЖУ_R1тЖУ
1.0,0.5,0.5,10.0,10.0,0.634,1.146,0.716,1.247,C2тЖУ_R1тЖУ
1.0,0.5,0.5,10.0,10.0,1.199,1.281,0.902,1.274,C2тЖУ_R1тЖУ
1.0,0.5,0.5,10.0,10.0,0.883,0.949,1.381,0.558,C2тЖУ_R1тЖУ
1.0,0.5,0.5,10.0,10.0,1.129,1.32,1.019,0.906,C2тЖУ_R1тЖУ
1.0,0.5,0.5,10.0,10.0,1.196,1.024,0.648,0.725,C2тЖУ_R1тЖУ
1.0,0.5,0.5,10.0,10.0,1.125,1.375,1.206,0.61,C2тЖУ_R1тЖУ
1.0,1.5,0.5,10.0,10.0,1.314,1.282,0.667,1.343,C2тЖС_R1тЖУ
1.0,1.5,0.5,10.0,10.0,0.602,1.201,1.118,1.167,C2тЖС_R1тЖУ
1.0,1.5,0.5,10.0,10.0,1.252,0.883,1.089,0.646,C2тЖС_R1тЖУ
1.0,1.5,0.5,10.0,10.0,1.402,0.62,1.3,0.71,C2тЖС_R1тЖУ
1.0,1.5,0.5,10.0,10.0,1.358,0.644,1.294,0.91,C2тЖС_R1тЖУ
1.0,1.5,0.5,10.0,10.0,1.186,1.123,1.156,0.924,C2тЖС_R1тЖУ
1.0,1.5,0.5,10.0,10.0,1.476,1.002,1.251,0.683,C2тЖС_R1тЖУ
1.0,1.5,0.5,10.0,10.0,1.033,1.38,1.269,1.057,C2тЖС_R1тЖУ
1.0,1.5,0.5,10.0,10.0,0.797,0.572,1.496,0.958,C2тЖС_R1тЖУ
1.0,1.5,0.5,10.0,10.0,0.899,1.404,1.161,1.122,C2тЖС_R1тЖУ
1.0,0.5,1.5,10.0,10.0,0.811,1.086,1.005,0.544,C2тЖУ_R1тЖС
1.0,0.5,1.5,10.0,10.0,0.706,0.891,1.226,0.902,C2тЖУ_R1тЖС
1.0,0.5,1.5,10.0,10.0,0.652,1.275,0.611,1.456,C2тЖУ_R1тЖС
1.0,0.5,1.5,10.0,10.0,1.267,1.329,1.121,0.847,C2тЖУ_R1тЖС
1.0,0.5,1.5,10.0,10.0,1.215,0.99,1.159,1.172,C2тЖУ_R1тЖС
1.0,0.5,1.5,10.0,10.0,1.457,0.807,1.427,1.322,C2тЖУ_R1тЖС
1.0,0.5,1.5,10.0,10.0,1.385,1.381,1.102,0.741,C2тЖУ_R1тЖС
1.0,0.5,1.5,10.0,10.0,0.912,1.136,0.759,0.872,C2тЖУ_R1тЖС
1.0,0.5,1.5,10.0,10.0,1.074,1.354,0.742,0.87,C2тЖУ_R1тЖС
1.0,0.5,1.5,10.0,10.0,0.947,1.047,0.856,0.723,C2тЖУ_R1тЖС
1.0,1.5,1.0,15.0,10.0,1.42,1.31,1.145,1.033,C2тЖС_R2тЖС
1.0,1.5,1.0,15.0,10.0,1.363,1.083,1.023,0.518,C2тЖС_R2тЖС
1.0,1.5,1.0,15.0,10.0,0.57,0.975,0.849,0.968,C2тЖС_R2тЖС
1.0,1.5,1.0,15.0,10.0,0.703,1.111,0.884,0.605,C2тЖС_R2тЖС
1.0,1.5,1.0,15.0,10.0,0.73,0.835,1.121,1.159,C2тЖС_R2тЖС
1.0,1.5,1.0,15.0,10.0,0.846,0.892,0.565,0.985,C2тЖС_R2тЖС
1.0,1.5,1.0,15.0,10.0,0.59,1.045,1.081,1.343,C2тЖС_R2тЖС
1.0,1.5,1.0,15.0,10.0,0.547,1.25,1.151,1.148,C2тЖС_R2тЖС
1.0,1.5,1.0,15.0,10.0,1.469,0.785,0.947,0.751,C2тЖС_R2тЖС
1.0,1.5,1.0,15.0,10.0,0.968,1.369,0.609,0.969,C2тЖС_R2тЖС
1.0,0.5,1.0,5.0,10.0,0.896,1.145,0.759,1.408,C2тЖУ_R2тЖУ
1.0,0.5,1.0,5.0,10.0,1.041,1.105,0.955,1.344,C2тЖУ_R2тЖУ
1.0,0.5,1.0,5.0,10.0,0.657,0.964,1.027,0.5,C2тЖУ_R2тЖУ
1.0,0.5,1.0,5.0,10.0,0.611,0.911,0.974,1.045,C2тЖУ_R2тЖУ
1.0,0.5,1.0,5.0,10.0,0.639,0.782,1.248,0.545,C2тЖУ_R2тЖУ
1.0,0.5,1.0,5.0,10.0,0.857,0.631,0.941,0.646,C2тЖУ_R2тЖУ
1.0,0.5,1.0,5.0,10.0,1.316,0.927,1.41,1.133,C2тЖУ_R2тЖУ
1.0,0.5,1.0,5.0,10.0,1.0,0.599,0.637,0.952,C2тЖУ_R2тЖУ
1.0,0.5,1.0,5.0,10.0,1.366,1.285,0.954,0.667,C2тЖУ_R2тЖУ
1.0,0.5,1.0,5.0,10.0,1.342,1.301,1.272,0.722,C2тЖУ_R2тЖУ
1.0,1.5,1.0,5.0,10.0,1.464,0.692,0.692,0.86,C2тЖС_R2тЖУ
1.0,1.5,1.0,5.0,10.0,0.514,0.934,0.722,0.961,C2тЖС_R2тЖУ
1.0,1.5,1.0,5.0,10.0,1.267,1.097,1.347,1.04,C2тЖС_R2тЖУ
1.0,1.5,1.0,5.0,10.0,1.256,1.069,0.837,1.484,C2тЖС_R2тЖУ
1.0,1.5,1.0,5.0,10.0,0.709,0.877,1.417,0.781,C2тЖС_R2тЖУ
1.0,1.5,1.0,5.0,10.0,0.884,1.384,0.667,1.099,C2тЖС_R2тЖУ
1.0,1.5,1.0,5.0,10.0,0.503,0.972,1.484,0.657,C2тЖС_R2тЖУ
1.0,1.5,1.0,5.0,10.0,1.348,1.329,1.138,0.659,C2тЖС_R2тЖУ
1.0,1.5,1.0,5.0,10.0,1.191,0.841,1.023,1.49,C2тЖС_R2тЖУ
1.0,1.5,1.0,5.0,10.0,0.964,1.369,0.639,0.68,C2тЖС_R2тЖУ
1.0,0.5,1.0,15.0,10.0,1.234,1.315,1.336,1.147,C2тЖУ_R2тЖС
1.0,0.5,1.0,15.0,10.0,1.279,1.424,0.958,1.104,C2тЖУ_R2тЖС
1.0,0.5,1.0,15.0,10.0,1.073,1.476,0.782,0.826,C2тЖУ_R2тЖС
1.0,0.5,1.0,15.0,10.0,1.475,0.572,1.206,0.961,C2тЖУ_R2тЖС
1.0,0.5,1.0,15.0,10.0,0.879,0.952,1.451,1.299,C2тЖУ_R2тЖС
1.0,0.5,1.0,15.0,10.0,0.902,1.206,1.404,1.124,C2тЖУ_R2тЖС
1.0,0.5,1.0,15.0,10.0,1.332,1.359,0.883,1.268,C2тЖУ_R2тЖС
1.0,0.5,1.0,15.0,10.0,1.484,0.609,0.699,1.328,C2тЖУ_R2тЖС
1.0,0.5,1.0,15.0,10.0,1.013,1.217,1.335,0.745,C2тЖУ_R2тЖС
1.0,0.5,1.0,15.0,10.0,0.626,0.921,0.579,0.801,C2тЖУ_R2тЖС
1.0,1.5,1.0,10.0,15.0,1.011,1.453,0.584,0.617,C2тЖС_R4тЖС
1.0,1.5,1.0,10.0,15.0,0.771,0.794,1.189,0.524,C2тЖС_R4тЖС
1.0,1.5,1.0,10.0,15.0,0.982,1.259,1.139,0.983,C2тЖС_R4тЖС
1.0,1.5,1.0,10.0,15.0,1.092,0.535,0.791,1.061,C2тЖС_R4тЖС
1.0,1.5,1.0,10.0,15.0,0.721,1.465,1.491,0.86,C2тЖС_R4тЖС
1.0,1.5,1.0,10.0,15.0,1.23,1.322,0.939,0.502,C2тЖС_R4тЖС
1.0,1.5,1.0,10.0,15.0,1.196,0.923,0.59,0.566,C2тЖС_R4тЖС
1.0,1.5,1.0,10.0,15.0,1.027,1.423,1.194,1.175,C2тЖС_R4тЖС
1.0,1.5,1.0,10.0,15.0,1.15,1.251,1.041,0.788,C2тЖС_R4тЖС
1.0,1.5,1.0,10.0,15.0,0.638,0.84,1.148,0.789,C2тЖС_R4тЖС
1.0,0.5,1.0,10.0,5.0,0.584,1.199,1.072,1.1,C2тЖУ_R4тЖУ
1.0,0.5,1.0,10.0,5.0,0.94,0.841,1.299,1.403,C2тЖУ_R4тЖУ
1.0,0.5,1.0,10.0,5.0,1.486,1.087,1.31,1.17,C2тЖУ_R4тЖУ
1.0,0.5,1.0,10.0,5.0,1.451,0.543,0.916,0.583,C2тЖУ_R4тЖУ
1.0,0.5,1.0,10.0,5.0,1.468,1.484,0.806,1.374,C2тЖУ_R4тЖУ
1.0,0.5,1.0,10.0,5.0,0.826,0.611,0.708,1.485,C2тЖУ_R4тЖУ
1.0,0.5,1.0,10.0,5.0,1.255,0.843,1.48,1.188,C2тЖУ_R4тЖУ
1.0,0.5,1.0,10.0,5.0,1.287,1.363,1.463,1.091,C2тЖУ_R4тЖУ
1.0,0.5,1.0,10.0,5.0,1.302,1.498,0.515,0.5,C2тЖУ_R4тЖУ
1.0,0.5,1.0,10.0,5.0,1.066,1.202,0.635,1.028,C2тЖУ_R4тЖУ
1.0,1.5,1.0,10.0,5.0,1.447,0.813,1.292,1.002,C2тЖС_R4тЖУ
1.0,1.5,1.0,10.0,5.0,0.557,1.06,0.837,1.269,C2тЖС_R4тЖУ
1.0,1.5,1.0,10.0,5.0,0.825,1.306,1.389,1.263,C2тЖС_R4тЖУ
1.0,1.5,1.0,10.0,5.0,1.441,0.998,1.497,1.097,C2тЖС_R4тЖУ
1.0,1.5,1.0,10.0,5.0,0.954,0.522,1.116,0.729,C2тЖС_R4тЖУ
1.0,1.5,1.0,10.0,5.0,0.997,0.833,1.349,0.871,C2тЖС_R4тЖУ
1.0,1.5,1.0,10.0,5.0,1.16,0.592,1.148,1.226,C2тЖС_R4тЖУ
1.0,1.5,1.0,10.0,5.0,1.428,1.289,0.717,0.63,C2тЖС_R4тЖУ
1.0,1.5,1.0,10.0,5.0,0.56,0.862,0.937,1.066,C2тЖС_R4тЖУ
1.0,1.5,1.0,10.0,5.0,0.874,1.311,0.538,1.021,C2тЖС_R4тЖУ
1.0,0.5,1.0,10.0,15.0,0.509,0.803,0.794,0.808,C2тЖУ_R4тЖС
1.0,0.5,1.0,10.0,15.0,0.649,0.702,0.713,1.11,C2тЖУ_R4тЖС
1.0,0.5,1.0,10.0,15.0,1.237,1.487,1.325,1.127,C2тЖУ_R4тЖС
1.0,0.5,1.0,10.0,15.0,1.134,0.713,0.538,0.545,C2тЖУ_R4тЖС
1.0,0.5,1.0,10.0,15.0,0.668,1.178,1.018,1.303,C2тЖУ_R4тЖС
1.0,0.5,1.0,10.0,15.0,1.146,1.066,1.228,0.767,C2тЖУ_R4тЖС
1.0,0.5,1.0,10.0,15.0,0.514,0.975,0.591,1.182,C2тЖУ_R4тЖС
1.0,0.5,1.0,10.0,15.0,0.984,1.343,0.62,0.844,C2тЖУ_R4тЖС
1.0,0.5,1.0,10.0,15.0,0.919,1.495,0.825,0.597,C2тЖУ_R4тЖС
1.0,0.5,1.0,10.0,15.0,0.911,0.655,1.224,0.935,C2тЖУ_R4тЖС
1.0,1.0,1.5,15.0,10.0,0.732,1.11,1.071,0.842,R1тЖС_R2тЖС
1.0,1.0,1.5,15.0,10.0,0.839,0.569,0.653,0.631,R1тЖС_R2тЖС
1.0,1.0,1.5,15.0,10.0,1.434,0.594,1.327,1.1,R1тЖС_R2тЖС
1.0,1.0,1.5,15.0,10.0,0.943,1.135,1.11,0.856,R1тЖС_R2тЖС
1.0,1.0,1.5,15.0,10.0,0.792,1.434,0.71,1.458,R1тЖС_R2тЖС
1.0,1.0,1.5,15.0,10.0,1.457,0.904,0.546,0.783,R1тЖС_R2тЖС
1.0,1.0,1.5,15.0,10.0,0.815,1.367,1.355,0.879,R1тЖС_R2тЖС
1.0,1.0,1.5,15.0,10.0,1.292,1.203,1.232,0.596,R1тЖС_R2тЖС
1.0,1.0,1.5,15.0,10.0,1.353,0.882,1.282,0.762,R1тЖС_R2тЖС
1.0,1.0,1.5,15.0,10.0,1.228,0.553,0.64,1.167,R1тЖС_R2тЖС
1.0,1.0,0.5,5.0,10.0,1.377,0.93,0.719,1.11,R1тЖУ_R2тЖУ
1.0,1.0,0.5,5.0,10.0,0.598,0.822,0.643,1.111,R1тЖУ_R2тЖУ
1.0,1.0,0.5,5.0,10.0,0.896,1.358,0.914,0.846,R1тЖУ_R2тЖУ
1.0,1.0,0.5,5.0,10.0,1.026,0.877,1.092,1.023,R1тЖУ_R2тЖУ
1.0,1.0,0.5,5.0,10.0,0.94,0.725,0.684,1.067,R1тЖУ_R2тЖУ
1.0,1.0,0.5,5.0,10.0,1.349,1.11,0.991,1.338,R1тЖУ_R2тЖУ
1.0,1.0,0.5,5.0,10.0,0.79,1.295,1.202,1.48,R1тЖУ_R2тЖУ
1.0,1.0,0.5,5.0,10.0,1.305,0.519,1.134,0.932,R1тЖУ_R2тЖУ
1.0,1.0,0.5,5.0,10.0,1.247,0.7,0.72,0.757,R1тЖУ_R2тЖУ
1.0,1.0,0.5,5.0,10.0,0.754,1.446,1.463,1.462,R1тЖУ_R2тЖУ
1.0,1.0,1.5,5.0,10.0,1.38,0.844,0.981,1.27,R1тЖС_R2тЖУ
1.0,1.0,1.5,5.0,10.0,1.208,0.83,0.97,1.435,R1тЖС_R2тЖУ
1.0,1.0,1.5,5.0,10.0,0.802,0.541,0.609,1.144,R1тЖС_R2тЖУ
1.0,1.0,1.5,5.0,10.0,1.387,1.384,1.393,1.19,R1тЖС_R2тЖУ
1.0,1.0,1.5,5.0,10.0,0.824,0.548,1.171,1.485,R1тЖС_R2тЖУ
1.0,1.0,1.5,5.0,10.0,1.005,1.364,0.827,1.146,R1тЖС_R2тЖУ
1.0,1.0,1.5,5.0,10.0,1.179,0.799,1.351,0.926,R1тЖС_R2тЖУ
1.0,1.0,1.5,5.0,10.0,0.691,1.234,1.443,0.791,R1тЖС_R2тЖУ
1.0,1.0,1.5,5.0,10.0,1.343,1.053,0.82,1.167,R1тЖС_R2тЖУ
1.0,1.0,1.5,5.0,10.0,0.59,0.679,1.365,0.605,R1тЖС_R2тЖУ
1.0,1.0,0.5,15.0,10.0,0.764,0.87,0.537,1.099,R1тЖУ_R2тЖС
1.0,1.0,0.5,15.0,10.0,0.843,0.637,1.283,1.184,R1тЖУ_R2тЖС
1.0,1.0,0.5,15.0,10.0,0.925,1.415,1.313,1.439,R1тЖУ_R2тЖС
1.0,1.0,0.5,15.0,10.0,1.188,0.65,1.232,0.762,R1тЖУ_R2тЖС
1.0,1.0,0.5,15.0,10.0,1.474,0.957,0.726,1.187,R1тЖУ_R2тЖС
1.0,1.0,0.5,15.0,10.0,1.355,0.564,0.577,1.468,R1тЖУ_R2тЖС
1.0,1.0,0.5,15.0,10.0,0.664,1.084,1.477,1.186,R1тЖУ_R2тЖС
1.0,1.0,0.5,15.0,10.0,1.026,0.819,1.179,1.253,R1тЖУ_R2тЖС
1.0,1.0,0.5,15.0,10.0,0.933,1.342,1.028,0.762,R1тЖУ_R2тЖС
1.0,1.0,0.5,15.0,10.0,1.192,0.677,1.464,1.036,R1тЖУ_R2тЖС
1.0,1.0,1.5,10.0,15.0,0.946,1.467,0.823,0.583,R1тЖС_R4тЖС
1.0,1.0,1.5,10.0,15.0,1.21,0.775,0.946,1.267,R1тЖС_R4тЖС
1.0,1.0,1.5,10.0,15.0,1.38,0.586,0.665,0.863,R1тЖС_R4тЖС
1.0,1.0,1.5,10.0,15.0,0.567,1.447,1.416,0.765,R1тЖС_R4тЖС
1.0,1.0,1.5,10.0,15.0,1.457,0.924,1.326,1.034,R1тЖС_R4тЖС
1.0,1.0,1.5,10.0,15.0,0.699,0.734,0.855,1.41,R1тЖС_R4тЖС
1.0,1.0,1.5,10.0,15.0,0.988,1.26,1.399,1.039,R1тЖС_R4тЖС
1.0,1.0,1.5,10.0,15.0,1.459,0.98,0.507,0.559,R1тЖС_R4тЖС
1.0,1.0,1.5,10.0,15.0,1.451,0.939,1.047,1.274,R1тЖС_R4тЖС
1.0,1.0,1.5,10.0,15.0,0.766,0.82,0.855,0.9,R1тЖС_R4тЖС
1.0,1.0,0.5,10.0,5.0,0.572,0.756,0.95,0.551,R1тЖУ_R4тЖУ
1.0,1.0,0.5,10.0,5.0,1.413,0.85,0.552,1.442,R1тЖУ_R4тЖУ
1.0,1.0,0.5,10.0,5.0,1.388,1.169,1.457,0.947,R1тЖУ_R4тЖУ
1.0,1.0,0.5,10.0,5.0,1.31,0.824,0.942,1.236,R1тЖУ_R4тЖУ
1.0,1.0,0.5,10.0,5.0,1.324,0.902,0.885,1.3,R1тЖУ_R4тЖУ
1.0,1.0,0.5,10.0,5.0,1.271,1.371,0.802,1.268,R1тЖУ_R4тЖУ
1.0,1.0,0.5,10.0,5.0,0.56,1.438,1.442,0.821,R1тЖУ_R4тЖУ
1.0,1.0,0.5,10.0,5.0,0.689,0.583,0.508,1.428,R1тЖУ_R4тЖУ
1.0,1.0,0.5,10.0,5.0,1.19,1.308,0.517,0.526,R1тЖУ_R4тЖУ
1.0,1.0,0.5,10.0,5.0,1.338,1.173,1.364,1.46,R1тЖУ_R4тЖУ
1.0,1.0,1.5,10.0,5.0,1.053,1.101,1.249,1.285,R1тЖС_R4тЖУ
1.0,1.0,1.5,10.0,5.0,1.478,1.421,0.985,0.861,R1тЖС_R4тЖУ
1.0,1.0,1.5,10.0,5.0,1.069,1.27,1.453,1.036,R1тЖС_R4тЖУ
1.0,1.0,1.5,10.0,5.0,0.86,1.394,0.65,0.944,R1тЖС_R4тЖУ
1.0,1.0,1.5,10.0,5.0,0.696,0.864,1.35,0.603,R1тЖС_R4тЖУ
1.0,1.0,1.5,10.0,5.0,1.119,1.409,1.367,1.462,R1тЖС_R4тЖУ
1.0,1.0,1.5,10.0,5.0,0.835,1.296,0.808,1.148,R1тЖС_R4тЖУ
1.0,1.0,1.5,10.0,5.0,1.377,0.786,0.516,0.911,R1тЖС_R4тЖУ
1.0,1.0,1.5,10.0,5.0,0.976,0.849,1.397,1.185,R1тЖС_R4тЖУ
1.0,1.0,1.5,10.0,5.0,1.376,0.826,0.754,0.553,R1тЖС_R4тЖУ
1.0,1.0,0.5,10.0,15.0,0.813,0.945,0.657,1.069,R1тЖУ_R4тЖС
1.0,1.0,0.5,10.0,15.0,1.33,1.318,0.904,1.012,R1тЖУ_R4тЖС
1.0,1.0,0.5,10.0,15.0,0.658,0.728,1.472,0.578,R1тЖУ_R4тЖС
1.0,1.0,0.5,10.0,15.0,1.246,1.47,0.799,1.205,R1тЖУ_R4тЖС
1.0,1.0,0.5,10.0,15.0,1.288,0.971,0.76,1.159,R1тЖУ_R4тЖС
1.0,1.0,0.5,10.0,15.0,1.438,1.046,0.661,0.63,R1тЖУ_R4тЖС
1.0,1.0,0.5,10.0,15.0,1.415,1.312,0.545,0.616,R1тЖУ_R4тЖС
1.0,1.0,0.5,10.0,15.0,0.986,0.735,1.047,0.831,R1тЖУ_R4тЖС
1.0,1.0,0.5,10.0,15.0,1.042,1.428,0.733,1.179,R1тЖУ_R4тЖС
1.0,1.0,0.5,10.0,15.0,1.11,1.297,0.514,0.581,R1тЖУ_R4тЖС
1.0,1.0,1.0,15.0,15.0,0.788,0.862,1.368,1.174,R2тЖС_R4тЖС
1.0,1.0,1.0,15.0,15.0,1.299,1.389,1.024,1.336,R2тЖС_R4тЖС
1.0,1.0,1.0,15.0,15.0,1.417,0.699,0.634,0.825,R2тЖС_R4тЖС
1.0,1.0,1.0,15.0,15.0,1.318,0.797,1.293,0.67,R2тЖС_R4тЖС
1.0,1.0,1.0,15.0,15.0,0.866,1.176,1.061,1.13,R2тЖС_R4тЖС
1.0,1.0,1.0,15.0,15.0,0.895,0.65,0.541,0.719,R2тЖС_R4тЖС
1.0,1.0,1.0,15.0,15.0,1.265,1.415,0.673,1.188,R2тЖС_R4тЖС
1.0,1.0,1.0,15.0,15.0,1.191,0.872,0.505,1.326,R2тЖС_R4тЖС
1.0,1.0,1.0,15.0,15.0,0.786,1.447,1.309,0.85,R2тЖС_R4тЖС
1.0,1.0,1.0,15.0,15.0,0.902,1.17,0.709,0.74,R2тЖС_R4тЖС
1.0,1.0,1.0,5.0,5.0,1.287,0.991,1.494,1.147,R2тЖУ_R4тЖУ
1.0,1.0,1.0,5.0,5.0,1.349,0.612,0.61,1.09,R2тЖУ_R4тЖУ
1.0,1.0,1.0,5.0,5.0,0.686,0.554,0.589,1.196,R2тЖУ_R4тЖУ
1.0,1.0,1.0,5.0,5.0,0.51,1.298,0.749,1.407,R2тЖУ_R4тЖУ
1.0,1.0,1.0,5.0,5.0,1.46,0.595,0.567,0.741,R2тЖУ_R4тЖУ
1.0,1.0,1.0,5.0,5.0,1.064,1.359,1.217,1.019,R2тЖУ_R4тЖУ
1.0,1.0,1.0,5.0,5.0,0.763,0.548,0.62,1.255,R2тЖУ_R4тЖУ
1.0,1.0,1.0,5.0,5.0,0.686,1.091,1.111,0.916,R2тЖУ_R4тЖУ
1.0,1.0,1.0,5.0,5.0,1.32,0.699,1.344,0.79,R2тЖУ_R4тЖУ
1.0,1.0,1.0,5.0,5.0,1.439,1.218,1.149,1.001,R2тЖУ_R4тЖУ
1.0,1.0,1.0,15.0,5.0,1.05,1.214,1.298,1.25,R2тЖС_R4тЖУ
1.0,1.0,1.0,15.0,5.0,1.252,1.423,0.875,0.91,R2тЖС_R4тЖУ
1.0,1.0,1.0,15.0,5.0,1.125,1.327,1.323,0.89,R2тЖС_R4тЖУ
1.0,1.0,1.0,15.0,5.0,1.281,0.68,1.171,1.089,R2тЖС_R4тЖУ
1.0,1.0,1.0,15.0,5.0,0.722,1.114,0.868,1.444,R2тЖС_R4тЖУ
1.0,1.0,1.0,15.0,5.0,0.818,1.414,0.937,1.334,R2тЖС_R4тЖУ
1.0,1.0,1.0,15.0,5.0,0.646,0.959,1.214,1.407,R2тЖС_R4тЖУ
1.0,1.0,1.0,15.0,5.0,0.616,0.736,1.22,0.579,R2тЖС_R4тЖУ
1.0,1.0,1.0,15.0,5.0,0.595,0.781,0.702,1.404,R2тЖС_R4тЖУ
1.0,1.0,1.0,15.0,5.0,0.582,1.039,1.345,0.86,R2тЖС_R4тЖУ
1.0,1.0,1.0,5.0,15.0,0.685,0.567,1.29,1.487,R2тЖУ_R4тЖС
1.0,1.0,1.0,5.0,15.0,0.504,0.829,1.132,0.558,R2тЖУ_R4тЖС
1.0,1.0,1.0,5.0,15.0,0.856,0.89,1.359,1.417,R2тЖУ_R4тЖС
1.0,1.0,1.0,5.0,15.0,0.617,1.378,1.385,0.52,R2тЖУ_R4тЖС
1.0,1.0,1.0,5.0,15.0,1.382,1.147,0.853,1.044,R2тЖУ_R4тЖС
1.0,1.0,1.0,5.0,15.0,1.46,1.193,0.978,1.264,R2тЖУ_R4тЖС
1.0,1.0,1.0,5.0,15.0,0.683,1.109,0.621,1.318,R2тЖУ_R4тЖС
1.0,1.0,1.0,5.0,15.0,0.628,0.638,1.376,1.481,R2тЖУ_R4тЖС
1.0,1.0,1.0,5.0,15.0,1.398,1.33,1.404,1.059,R2тЖУ_R4тЖС
1.0,1.0,1.0,5.0,15.0,1.112,1.436,1.374,1.282,R2тЖУ_R4тЖС
